Breed,Alberto,Alex,Arlene,Beryl,Bonnie,Bret,Chris,Cindy,Colin,Danielle,Debby,Don,Earl,Emily,Ernesto,Fiona,Florence,Franklin,Gaston,Gert,Gordon,Harvey,Helene,Hermine,Ian,Irma,Isaac,Jose,Joyce,Julia,Karl,Katia,Kirk,Lee,Leslie,Lisa,Maria,Matthew,Michael,Nadine,Nate,Nicole,Ophelia,Oscar,Otto,Patty,Paula,Philippe,Rafael,Richard,Rina,Sara,Sean,Shary,Tammy,Tobias,Tony,Valerie,Vince,Virginie,Walter,Whitney,William
Affenpinscher,4.0,4.0,,,3.0,,5.0,,2.0,,3.0,4.0,4.0,3.0,,4.0,3.0,,,,1.0,1.0,3.0,,2.0,2.0,5.0,1.0,3.0,1.0,2.0,3.0,,3.0,,,2.0,,,,4.0,3.0,4.0,,2.0,,,,,4.0,3.0,,2.0,1.0,,5.0,,,,,,,
Afghan Hound,,,,,,,,1.0,2.0,4.0,,5.0,2.0,3.0,4.0,,3.0,,4.0,,2.0,2.0,,5.0,2.0,,,,2.0,,,5.0,1.0,4.0,,,3.0,,1.0,,,4.0,,,1.0,,,5.0,2.0,4.0,,1.0,2.0,2.0,2.0,,,,3.0,1.0,4.0,,2.0
Airedale Terrier,3.0,,5.0,1.0,,,,2.0,,3.0,,,,4.0,1.0,5.0,5.0,3.0,1.0,,,1.0,,,2.0,5.0,1.0,,,,1.0,,,,2.0,,,3.0,,4.0,2.0,1.0,1.0,,2.0,1.0,2.0,,,,3.0,,,1.0,1.0,2.0,4.0,1.0,1.0,,4.0,4.0,3.0
Akita,,1.0,,,,2.0,2.0,,3.0,1.0,,,,1.0,,,,,1.0,5.0,2.0,,,2.0,1.0,1.0,,,,,,3.0,,,,4.0,5.0,,3.0,4.0,,2.0,3.0,1.0,,,,,,,1.0,5.0,4.0,,,,,,2.0,2.0,,5.0,
Alaskan Malamute,,3.0,,,,,4.0,,,5.0,5.0,4.0,,,,,,,5.0,,,5.0,,,,1.0,,,3.0,4.0,,,,,,4.0,3.0,,4.0,4.0,4.0,,,,5.0,2.0,,,2.0,2.0,,,2.0,1.0,,,,1.0,1.0,,,,
American Cocker Spaniel,,5.0,5.0,1.0,2.0,3.0,,,,3.0,,4.0,4.0,,5.0,2.0,3.0,,,5.0,4.0,4.0,5.0,2.0,5.0,,5.0,3.0,,,,,5.0,,,,,4.0,5.0,,3.0,,,,,,1.0,1.0,2.0,,,,5.0,3.0,5.0,,,,3.0,1.0,3.0,,
American Eskimo Dog (Miniature),,,,3.0,1.0,,,2.0,,2.0,,,3.0,1.0,,,5.0,,4.0,,,,,4.0,4.0,2.0,1.0,,,2.0,2.0,3.0,,5.0,,,5.0,5.0,,3.0,,3.0,,4.0,,,,3.0,,4.0,4.0,1.0,2.0,,,,4.0,,,5.0,,,
American Eskimo Dog (Standard),,2.0,3.0,3.0,4.0,1.0,2.0,,2.0,4.0,,,,,,1.0,4.0,5.0,,5.0,1.0,,,,5.0,5.0,3.0,,,,,,2.0,,,,,5.0,3.0,,2.0,4.0,,4.0,,5.0,4.0,,,,,4.0,1.0,,,1.0,,,,,1.0,2.0,2.0
American Eskimo Dog (Toy),2.0,,,4.0,,,,2.0,,4.0,3.0,2.0,,,,,,2.0,5.0,,,,1.0,2.0,1.0,,,2.0,,,5.0,3.0,2.0,,4.0,5.0,2.0,3.0,5.0,,,,4.0,,,5.0,,3.0,,,3.0,1.0,3.0,1.0,,1.0,,,4.0,5.0,3.0,,5.0
American Foxhound,2.0,,,3.0,2.0,,,4.0,,,3.0,,4.0,,4.0,,3.0,,,5.0,,1.0,2.0,5.0,,,,2.0,,,3.0,2.0,,,2.0,,,,,5.0,4.0,1.0,2.0,4.0,,,,1.0,,,4.0,,,2.0,,2.0,,,1.0,,,2.0,
American Staffordshire Terrier,5.0,2.0,1.0,,,,4.0,,2.0,1.0,5.0,4.0,1.0,2.0,,,4.0,5.0,5.0,,5.0,,4.0,,5.0,,,2.0,1.0,,,,2.0,2.0,2.0,4.0,4.0,,,1.0,,3.0,,5.0,5.0,3.0,,,,,,4.0,,3.0,,,3.0,2.0,,,,,1.0
American Water Spaniel,3.0,1.0,2.0,1.0,5.0,,2.0,1.0,,,3.0,,,,,,5.0,,3.0,,2.0,,4.0,4.0,,,,5.0,,2.0,3.0,,5.0,,3.0,,,1.0,,3.0,,3.0,2.0,,,3.0,,1.0,4.0,,,,3.0,5.0,,3.0,,4.0,,4.0,5.0,,3.0
Anatolian Shepherd,4.0,2.0,2.0,,,,,1.0,2.0,,2.0,,4.0,,,,,,,,,,,4.0,4.0,5.0,5.0,,4.0,,3.0,4.0,4.0,3.0,1.0,,5.0,3.0,1.0,1.0,,4.0,,5.0,5.0,,5.0,,,,1.0,3.0,,1.0,1.0,2.0,2.0,,,,5.0,,3.0
Australian Cattle Dog,2.0,5.0,,1.0,,4.0,2.0,,,3.0,,,,,,2.0,1.0,5.0,,,1.0,3.0,2.0,3.0,,1.0,5.0,,4.0,1.0,,,,1.0,2.0,2.0,5.0,,,,,1.0,3.0,,2.0,5.0,,4.0,1.0,,,3.0,,,4.0,,5.0,,3.0,1.0,,,4.0
Australian Shepherd,,2.0,5.0,,,,1.0,,,,,,1.0,4.0,3.0,,3.0,1.0,4.0,,,,,4.0,1.0,1.0,,,,,2.0,5.0,2.0,,,,1.0,5.0,,,2.0,4.0,,,4.0,4.0,5.0,,,4.0,4.0,,,4.0,,3.0,,,4.0,,4.0,1.0,1.0
Australian Terrier,1.0,,,2.0,2.0,1.0,2.0,1.0,3.0,2.0,,,2.0,,,3.0,5.0,4.0,,1.0,,,,,2.0,,2.0,5.0,,,,,5.0,,3.0,,5.0,5.0,,,3.0,4.0,5.0,4.0,5.0,5.0,,1.0,,1.0,,3.0,,1.0,5.0,,1.0,3.0,1.0,4.0,,,
Basenji,,,,,2.0,2.0,2.0,,,3.0,3.0,,5.0,,,1.0,,,,,5.0,5.0,2.0,2.0,,,5.0,3.0,4.0,,1.0,3.0,4.0,2.0,2.0,,5.0,,5.0,1.0,,5.0,,,,,5.0,,5.0,3.0,3.0,,,,,,5.0,1.0,,,4.0,3.0,3.0
Basset Hound,,,,,,,,3.0,,2.0,,,2.0,,2.0,1.0,2.0,,,,,,,,,4.0,5.0,5.0,,,,,4.0,,1.0,,,3.0,1.0,,,,3.0,,4.0,,,2.0,,,,1.0,4.0,,5.0,3.0,1.0,,3.0,,,,
Beagle,,,5.0,,5.0,,,,,,3.0,5.0,,,2.0,4.0,5.0,2.0,,5.0,,,,5.0,2.0,,,,1.0,1.0,1.0,,,,3.0,5.0,1.0,2.0,,4.0,,,2.0,,4.0,,4.0,5.0,,,3.0,4.0,,,,3.0,,,2.0,2.0,1.0,,
Bearded Collie,,3.0,,,1.0,5.0,,,,,3.0,3.0,,1.0,5.0,5.0,,2.0,3.0,2.0,5.0,,,1.0,,,,,,1.0,1.0,4.0,5.0,5.0,3.0,1.0,3.0,4.0,4.0,,5.0,1.0,3.0,2.0,,,5.0,,,,3.0,4.0,2.0,,,5.0,5.0,4.0,4.0,,3.0,,4.0
Beauceron,2.0,,,5.0,,,,2.0,2.0,,,,3.0,4.0,3.0,,3.0,5.0,,5.0,2.0,,2.0,,,,,4.0,,,,5.0,4.0,4.0,,2.0,,3.0,,,,1.0,,,5.0,,2.0,,,,4.0,1.0,,,5.0,4.0,4.0,5.0,1.0,,,,
Bedlington Terrier,,,2.0,,3.0,1.0,,5.0,2.0,,4.0,,3.0,,,,,,,4.0,,4.0,4.0,,,,,1.0,,,4.0,,,,,5.0,,,,,4.0,5.0,2.0,4.0,1.0,,,5.0,,,,3.0,,,,,2.0,,1.0,,4.0,1.0,
Belgian Malinois,4.0,,,,,,3.0,1.0,,,1.0,,4.0,,2.0,1.0,,3.0,5.0,3.0,,1.0,3.0,4.0,,,,,4.0,,,,,1.0,,,3.0,,,,1.0,3.0,,5.0,,,1.0,,4.0,,,3.0,3.0,4.0,,,2.0,,1.0,,,,
Belgian Sheepdog,,,5.0,3.0,3.0,,,4.0,4.0,,,,,,,,1.0,,4.0,4.0,5.0,,4.0,5.0,,4.0,1.0,,,2.0,1.0,,,3.0,3.0,2.0,,2.0,,,,5.0,5.0,,5.0,1.0,2.0,2.0,,,,,,,,,1.0,,4.0,,2.0,1.0,
Belgian Tervuren,4.0,,3.0,1.0,,,2.0,,,,,,4.0,2.0,,3.0,,2.0,,3.0,4.0,,3.0,,4.0,3.0,5.0,,,,,2.0,,,2.0,,4.0,,2.0,5.0,,,1.0,3.0,5.0,5.0,,5.0,,,,,,,,,1.0,,,3.0,2.0,,
Bernese Mountain Dog,4.0,5.0,,,,5.0,,,2.0,,,1.0,,1.0,,,,,,5.0,1.0,,2.0,3.0,,3.0,5.0,,4.0,3.0,3.0,1.0,4.0,1.0,,2.0,,,4.0,,5.0,,,,5.0,,5.0,,,1.0,4.0,3.0,5.0,,1.0,3.0,5.0,,,,3.0,,5.0
Bichon Frise,,,,2.0,2.0,2.0,2.0,,2.0,4.0,2.0,,2.0,,3.0,,,,,,,4.0,4.0,4.0,,,,,,,,5.0,,5.0,5.0,5.0,,,,5.0,,,,5.0,1.0,,4.0,,,,,4.0,,,,,,,,,1.0,2.0,2.0
Black Russian Terrier,,,,,,,2.0,,,2.0,,,2.0,,,,5.0,,,,2.0,3.0,4.0,1.0,4.0,2.0,,,3.0,4.0,2.0,3.0,4.0,2.0,,3.0,4.0,1.0,1.0,1.0,,3.0,2.0,,,4.0,5.0,,,5.0,1.0,,,,5.0,,2.0,2.0,,4.0,,,5.0
Black and Tan Coonhound,,5.0,4.0,,1.0,2.0,2.0,,5.0,1.0,5.0,,,,,,,,,4.0,,,,,5.0,,,,,,,,5.0,,2.0,,5.0,5.0,3.0,,,,,,,,1.0,,,,3.0,,,2.0,,,,,,5.0,2.0,,2.0
Bloodhound,,,4.0,1.0,1.0,2.0,,4.0,2.0,5.0,,,3.0,5.0,,3.0,1.0,,4.0,,3.0,,3.0,,4.0,,,3.0,,5.0,1.0,,,5.0,,2.0,4.0,,4.0,5.0,2.0,,,,4.0,,5.0,2.0,4.0,5.0,1.0,4.0,2.0,3.0,4.0,3.0,4.0,,,3.0,,5.0,4.0
Border Collie,,4.0,,,,,5.0,3.0,2.0,,,1.0,,,2.0,2.0,,,4.0,,1.0,,4.0,5.0,,,3.0,,,,2.0,2.0,,5.0,,3.0,1.0,,2.0,2.0,4.0,,2.0,,4.0,,5.0,4.0,1.0,,,1.0,,,4.0,1.0,3.0,4.0,4.0,,1.0,3.0,2.0
Border Terrier,1.0,,1.0,,3.0,,,,3.0,,1.0,,5.0,2.0,,1.0,1.0,4.0,,5.0,3.0,1.0,,,,1.0,,,,,1.0,5.0,5.0,,5.0,5.0,,,4.0,3.0,4.0,,5.0,,,1.0,,5.0,3.0,,4.0,,,3.0,,2.0,4.0,,,,,3.0,
Borzoi,2.0,,,,3.0,,,,3.0,4.0,5.0,,,5.0,,,,,2.0,5.0,1.0,3.0,,4.0,4.0,,,5.0,,,,,,3.0,5.0,,,4.0,2.0,1.0,2.0,,2.0,5.0,,1.0,5.0,,,1.0,3.0,4.0,3.0,,,4.0,2.0,1.0,,1.0,3.0,2.0,4.0
Boston Terrier,,1.0,,,,,,3.0,,,,3.0,2.0,1.0,,,3.0,2.0,3.0,,,4.0,,,4.0,3.0,5.0,,,2.0,,,2.0,4.0,1.0,,3.0,5.0,2.0,,,3.0,,2.0,2.0,3.0,,,,4.0,,2.0,,,1.0,,,5.0,,5.0,,1.0,
Bouvier des Flandres,4.0,2.0,2.0,,,,1.0,1.0,5.0,,,4.0,3.0,,3.0,3.0,1.0,,,4.0,,1.0,2.0,2.0,2.0,,1.0,,,5.0,,,,4.0,,5.0,3.0,,,,,,,2.0,5.0,4.0,,,1.0,,,4.0,4.0,,,,4.0,,1.0,,4.0,,
Boxer,5.0,,,3.0,5.0,,1.0,2.0,2.0,,3.0,,4.0,,3.0,,,2.0,4.0,,,1.0,5.0,,,4.0,4.0,4.0,,,,,,,1.0,5.0,1.0,,,,4.0,4.0,,,4.0,1.0,,3.0,3.0,3.0,,,,,5.0,3.0,,,,4.0,4.0,3.0,
Briard,1.0,5.0,,,,5.0,5.0,1.0,2.0,5.0,,,,4.0,3.0,1.0,4.0,4.0,,3.0,,1.0,5.0,4.0,5.0,,,4.0,5.0,1.0,2.0,,,3.0,3.0,,1.0,,,,,,5.0,2.0,,1.0,,4.0,5.0,4.0,,,2.0,,4.0,,4.0,,2.0,,4.0,1.0,
Brittany,1.0,2.0,3.0,2.0,5.0,5.0,5.0,2.0,,2.0,,,1.0,,,,,5.0,,3.0,5.0,4.0,4.0,,1.0,,,,3.0,,,,,4.0,2.0,1.0,,,,2.0,4.0,,2.0,,,3.0,2.0,4.0,2.0,2.0,,1.0,,1.0,,,4.0,,5.0,,2.0,,4.0
Brussels Griffon,2.0,,5.0,,5.0,4.0,,,,5.0,5.0,,3.0,,,3.0,,1.0,5.0,,4.0,,4.0,,1.0,,,2.0,,2.0,,3.0,2.0,5.0,4.0,4.0,,4.0,4.0,,,,3.0,5.0,5.0,,1.0,,,,,4.0,3.0,,1.0,2.0,2.0,,1.0,,,,
Bull Terrier,,,4.0,1.0,5.0,,,4.0,1.0,5.0,5.0,,2.0,,3.0,,3.0,2.0,3.0,4.0,4.0,1.0,1.0,,,,5.0,,,2.0,,,4.0,1.0,,1.0,2.0,2.0,3.0,3.0,,,1.0,5.0,,,,2.0,1.0,,,3.0,4.0,4.0,,,,,4.0,3.0,,,4.0
Bulldog,4.0,,1.0,,2.0,2.0,1.0,,,1.0,3.0,,2.0,,3.0,,,,,,,,,3.0,2.0,,1.0,,5.0,1.0,,5.0,,,,,2.0,,,,2.0,1.0,,2.0,2.0,3.0,5.0,4.0,5.0,4.0,2.0,3.0,,1.0,2.0,,,5.0,3.0,,,,5.0
Bullmastiff,1.0,5.0,3.0,2.0,3.0,1.0,1.0,3.0,,3.0,,,2.0,,4.0,,5.0,5.0,5.0,,2.0,4.0,4.0,1.0,2.0,4.0,,2.0,,3.0,1.0,3.0,4.0,,,1.0,5.0,4.0,,,4.0,,3.0,,4.0,,5.0,1.0,3.0,,,,1.0,,5.0,,1.0,2.0,,1.0,4.0,1.0,
Cairn Terrier,2.0,4.0,5.0,3.0,,,1.0,,,3.0,3.0,,5.0,,,,,,5.0,,1.0,,,,1.0,1.0,3.0,4.0,,1.0,,,,,,1.0,,,,5.0,,,2.0,,5.0,5.0,,,,,1.0,,,4.0,,3.0,,,1.0,,1.0,5.0,4.0
Canaan Dog,2.0,2.0,,,,1.0,5.0,,1.0,3.0,1.0,4.0,4.0,,2.0,4.0,,1.0,2.0,,3.0,4.0,,,4.0,,,2.0,4.0,,1.0,,,5.0,5.0,1.0,1.0,4.0,2.0,,2.0,,,,2.0,,,1.0,2.0,,,4.0,4.0,3.0,,,4.0,3.0,,,,,4.0
Cardigan Welsh Corgi,,,5.0,,,,1.0,,,1.0,,3.0,3.0,,1.0,,,2.0,5.0,3.0,,2.0,5.0,,,,,5.0,3.0,,5.0,,,,,1.0,,,,5.0,1.0,,1.0,,,2.0,,,2.0,,,1.0,,1.0,,1.0,1.0,,,,,,
Cavalier King Charles Spaniel,5.0,,5.0,,,4.0,,,,,2.0,2.0,2.0,,3.0,4.0,,,,,1.0,,3.0,,,,1.0,,,2.0,,,,,,5.0,4.0,,1.0,,,,,,3.0,,,,,5.0,3.0,,4.0,,,4.0,,,,2.0,4.0,4.0,
Chesapeake Bay Retriever,,,,,5.0,5.0,2.0,5.0,,4.0,,,3.0,1.0,,2.0,3.0,2.0,1.0,,,4.0,3.0,,4.0,4.0,,3.0,,,,,,,5.0,,2.0,,3.0,,2.0,5.0,1.0,,,,4.0,,2.0,,3.0,3.0,,,,1.0,4.0,,1.0,,,4.0,3.0
Chihuahua,2.0,,5.0,,,5.0,1.0,,,2.0,,3.0,,5.0,5.0,,1.0,,,,,4.0,,5.0,5.0,,3.0,5.0,,,,,3.0,,1.0,,2.0,2.0,2.0,3.0,2.0,,,2.0,,4.0,,,3.0,3.0,,2.0,5.0,,,,5.0,3.0,,1.0,2.0,3.0,4.0
Chinese Crested Dog,,2.0,5.0,3.0,5.0,,,,5.0,5.0,4.0,5.0,,4.0,,,5.0,5.0,,5.0,2.0,4.0,1.0,2.0,2.0,5.0,,3.0,4.0,5.0,2.0,,1.0,2.0,,1.0,4.0,4.0,,3.0,2.0,5.0,2.0,5.0,5.0,1.0,,3.0,5.0,,2.0,1.0,2.0,,2.0,,2.0,1.0,,3.0,,3.0,5.0
Chinese Shar-Pei,,2.0,2.0,,3.0,5.0,2.0,4.0,,,3.0,4.0,,4.0,5.0,,,,5.0,,,5.0,2.0,,2.0,4.0,,,4.0,2.0,4.0,,,4.0,4.0,1.0,,5.0,5.0,,4.0,3.0,,,2.0,,,,,4.0,,,,2.0,3.0,4.0,,1.0,,2.0,,3.0,3.0
Chow Chow,,,,,,4.0,2.0,1.0,,,,,3.0,,,,,2.0,5.0,,4.0,4.0,2.0,4.0,4.0,1.0,1.0,,4.0,,,,,5.0,5.0,1.0,,4.0,1.0,4.0,,,5.0,4.0,3.0,4.0,,,1.0,3.0,,4.0,1.0,,4.0,,,5.0,,,1.0,1.0,
Clumber Spaniel,,2.0,5.0,,,2.0,,,2.0,,,5.0,,,,,4.0,,,5.0,,4.0,3.0,,,4.0,,5.0,1.0,,,1.0,1.0,,4.0,1.0,4.0,,1.0,,,,,3.0,2.0,2.0,1.0,,,4.0,1.0,,,1.0,,5.0,4.0,,,,2.0,,5.0
Collie,5.0,2.0,2.0,,,,1.0,,2.0,,,,4.0,,5.0,2.0,,5.0,,1.0,2.0,2.0,2.0,3.0,5.0,4.0,2.0,,,5.0,,3.0,,,2.0,2.0,1.0,2.0,,,,4.0,,4.0,2.0,3.0,5.0,2.0,,5.0,1.0,,4.0,2.0,,2.0,,1.0,4.0,,4.0,3.0,2.0
Curly-Coated Retriever,,5.0,5.0,1.0,3.0,,2.0,,2.0,,,,,2.0,3.0,,,,3.0,,5.0,3.0,,,1.0,,,5.0,,,5.0,,,,,,,,4.0,5.0,3.0,,,,2.0,5.0,,4.0,,1.0,3.0,1.0,1.0,3.0,1.0,2.0,4.0,,2.0,5.0,,2.0,1.0
Dachshund (Miniature),,2.0,,1.0,,1.0,,5.0,2.0,,2.0,,,1.0,3.0,5.0,,,,,,3.0,,,,,,2.0,,,,4.0,,,2.0,,4.0,,3.0,4.0,2.0,4.0,,,4.0,5.0,,,,,4.0,,2.0,3.0,1.0,,2.0,,,1.0,2.0,4.0,
Dachshund (Standard),,2.0,,,,5.0,4.0,,,3.0,,,,,,,3.0,1.0,,1.0,4.0,,,,1.0,1.0,,4.0,,2.0,,,,5.0,4.0,4.0,4.0,,4.0,5.0,2.0,4.0,,3.0,4.0,4.0,,1.0,5.0,,,3.0,1.0,1.0,2.0,,1.0,,4.0,5.0,4.0,4.0,3.0
Dalmatian,4.0,,,,1.0,5.0,,,1.0,1.0,,4.0,,,5.0,,,2.0,5.0,,,2.0,3.0,5.0,,4.0,,,,4.0,2.0,,,,,1.0,,1.0,5.0,3.0,5.0,,4.0,,,4.0,,,,4.0,,,,,,,,,5.0,,,1.0,
Dandie Dinmont Terrier,,,1.0,3.0,2.0,,2.0,1.0,,4.0,,,3.0,,5.0,,2.0,,,,,,,2.0,,,5.0,,,3.0,5.0,3.0,5.0,,,,3.0,,,,,1.0,3.0,3.0,,,5.0,2.0,,1.0,,4.0,3.0,,,1.0,,,,4.0,5.0,,
Doberman Pinscher,3.0,,,3.0,,,4.0,,1.0,,3.0,,,,,4.0,,,4.0,,,4.0,,,1.0,2.0,,3.0,,,1.0,2.0,5.0,,1.0,,,4.0,1.0,,5.0,,2.0,,,,5.0,,4.0,4.0,,4.0,,,,1.0,5.0,4.0,,,,2.0,
English Cocker Spaniel,,,,,,1.0,,5.0,3.0,,,5.0,4.0,,,2.0,,1.0,4.0,,,4.0,,,,2.0,3.0,4.0,3.0,2.0,,1.0,,,4.0,2.0,2.0,,,,3.0,5.0,,,,,,,1.0,,,3.0,4.0,,,1.0,1.0,1.0,3.0,,,2.0,
English Foxhound,1.0,1.0,4.0,4.0,,5.0,,,1.0,,5.0,1.0,,,,,1.0,,4.0,4.0,,5.0,3.0,2.0,5.0,1.0,,5.0,5.0,,3.0,5.0,,,5.0,,4.0,,,2.0,2.0,5.0,,,3.0,2.0,,,4.0,3.0,,1.0,,5.0,1.0,5.0,4.0,,4.0,,,,4.0
English Setter,,,1.0,,,1.0,,,5.0,,,,,1.0,,5.0,,3.0,,,5.0,4.0,,5.0,,2.0,,,,3.0,5.0,1.0,,,4.0,5.0,,4.0,,4.0,,1.0,,2.0,2.0,,5.0,,3.0,3.0,,,4.0,5.0,,,,4.0,,,,,
English Springer Spaniel,1.0,1.0,,,5.0,1.0,1.0,,5.0,1.0,,,,,2.0,2.0,3.0,,,,,4.0,,,,,3.0,,5.0,5.0,,,4.0,4.0,,4.0,,4.0,3.0,2.0,1.0,,,,4.0,,,,,,,,,4.0,,4.0,,,2.0,,,,2.0
English Toy Spaniel,2.0,,2.0,,3.0,,,1.0,,4.0,,5.0,4.0,3.0,1.0,,5.0,5.0,,,,,4.0,4.0,3.0,,3.0,,,,,,3.0,2.0,,2.0,3.0,,1.0,5.0,,,,5.0,,2.0,2.0,,,,,,,5.0,2.0,,5.0,,,,,3.0,
Field Spaniel,,,,3.0,5.0,4.0,,2.0,2.0,,3.0,1.0,,,,1.0,,5.0,,5.0,5.0,2.0,2.0,2.0,,,1.0,,,1.0,1.0,4.0,2.0,4.0,4.0,5.0,5.0,2.0,,,,,,,,5.0,,,5.0,,1.0,1.0,,1.0,,,,,1.0,4.0,3.0,3.0,4.0
Finnish Spitz,5.0,,3.0,2.0,5.0,,1.0,,3.0,,5.0,,5.0,5.0,,,,5.0,,1.0,3.0,,4.0,,5.0,,1.0,,3.0,,1.0,,2.0,4.0,2.0,,,5.0,,2.0,,2.0,5.0,,,,,,,1.0,,,5.0,5.0,3.0,5.0,,,,,5.0,,
Flat-Coated Retriever,4.0,5.0,,,2.0,,,1.0,1.0,,,1.0,2.0,1.0,,,3.0,,4.0,3.0,,2.0,2.0,,5.0,4.0,3.0,2.0,,3.0,1.0,2.0,5.0,5.0,,2.0,1.0,,4.0,5.0,,,,3.0,,,,5.0,5.0,5.0,,,,,,,,4.0,,,,5.0,
French Bulldog,,2.0,1.0,3.0,3.0,3.0,2.0,5.0,,,4.0,,5.0,1.0,,,3.0,,,4.0,,,2.0,4.0,4.0,,5.0,,4.0,2.0,5.0,,,5.0,,5.0,,5.0,1.0,4.0,,5.0,1.0,,,1.0,1.0,,4.0,4.0,4.0,1.0,,,4.0,,,1.0,,1.0,,,
German Pinscher,,3.0,4.0,2.0,,,,,,,,4.0,2.0,,,4.0,3.0,3.0,5.0,2.0,,2.0,,2.0,,,,,,1.0,,,,,2.0,,3.0,,,,,2.0,,,,1.0,,1.0,,2.0,4.0,3.0,,,5.0,,2.0,1.0,,1.0,,,4.0
German Shepherd Dog,,,,,,1.0,,2.0,2.0,1.0,2.0,,5.0,,,,5.0,,,1.0,5.0,2.0,,3.0,5.0,4.0,3.0,5.0,2.0,4.0,,1.0,3.0,,,1.0,,,,1.0,1.0,5.0,2.0,,,5.0,1.0,2.0,,,4.0,3.0,,3.0,5.0,1.0,,5.0,,,1.0,,5.0
German Shorthaired Pointer,,,2.0,,5.0,,,1.0,,,,5.0,,,,,1.0,,4.0,2.0,,,3.0,,,,3.0,,,2.0,2.0,,3.0,,2.0,2.0,2.0,,,1.0,,,3.0,,,2.0,,2.0,,1.0,4.0,1.0,,,,1.0,,5.0,1.0,,4.0,4.0,3.0
German Wirehaired Pointer,2.0,2.0,5.0,,,5.0,1.0,,2.0,,,5.0,3.0,,2.0,,3.0,2.0,1.0,1.0,,,3.0,4.0,1.0,5.0,,,,1.0,1.0,,5.0,3.0,1.0,2.0,,,,,5.0,,,4.0,,,3.0,2.0,,,,1.0,3.0,1.0,2.0,,4.0,3.0,4.0,5.0,2.0,,
Giant Schnauzer,1.0,2.0,1.0,1.0,5.0,5.0,1.0,,,2.0,,,4.0,4.0,5.0,3.0,,3.0,,,,1.0,4.0,3.0,,,2.0,1.0,4.0,5.0,1.0,3.0,5.0,,,1.0,3.0,,,3.0,2.0,1.0,2.0,4.0,,,,,,1.0,,,3.0,,,1.0,1.0,4.0,4.0,2.0,,,
Glen of Imaal Terrier,,1.0,,,,,,,2.0,,3.0,,3.0,1.0,,,,5.0,,5.0,5.0,,4.0,,,,4.0,4.0,,,1.0,1.0,4.0,5.0,3.0,1.0,5.0,,4.0,,,,,,,,,3.0,4.0,3.0,,1.0,,,2.0,5.0,5.0,,,,5.0,,
Golden Retriever,2.0,5.0,5.0,,2.0,4.0,1.0,1.0,,4.0,5.0,,4.0,,,,,,,,,4.0,4.0,,1.0,1.0,,4.0,4.0,4.0,,1.0,2.0,,,1.0,4.0,4.0,5.0,,1.0,2.0,,4.0,,,1.0,,4.0,3.0,,,,3.0,3.0,,3.0,1.0,5.0,2.0,2.0,,2.0
Gordon Setter,1.0,5.0,3.0,,,4.0,,,,,,,,2.0,5.0,,,1.0,4.0,,,4.0,4.0,,,5.0,,,,,,3.0,,,3.0,5.0,,4.0,5.0,2.0,5.0,,3.0,5.0,,2.0,1.0,,,,2.0,,,,2.0,2.0,,4.0,3.0,4.0,3.0,3.0,
Great Dane,,,,,,1.0,,,,,3.0,,,1.0,3.0,,1.0,5.0,4.0,4.0,,4.0,3.0,,,,5.0,,5.0,4.0,2.0,2.0,,4.0,2.0,2.0,,,,,,,4.0,,,4.0,2.0,1.0,,,2.0,,,,4.0,3.0,,1.0,4.0,1.0,4.0,1.0,
Great Pyrenees,,,,1.0,5.0,,5.0,2.0,,4.0,,1.0,,,2.0,,,,,4.0,,1.0,,4.0,,,,,,,4.0,4.0,,,4.0,,3.0,,3.0,,3.0,,5.0,5.0,3.0,,,3.0,,1.0,4.0,,4.0,,,,2.0,,4.0,5.0,,3.0,1.0
Greater Swiss Mountain Dog,4.0,3.0,5.0,2.0,3.0,5.0,5.0,3.0,5.0,4.0,3.0,,,2.0,3.0,3.0,4.0,,4.0,1.0,,5.0,,4.0,2.0,,,,3.0,4.0,4.0,1.0,,,,1.0,5.0,,,5.0,4.0,,2.0,4.0,4.0,,,3.0,2.0,,5.0,,4.0,1.0,,5.0,,,5.0,,,4.0,
Greyhound,3.0,,,3.0,,5.0,,1.0,,3.0,,,,,4.0,3.0,3.0,3.0,4.0,,,,4.0,,,3.0,,,5.0,,5.0,5.0,,4.0,5.0,4.0,3.0,,,,5.0,1.0,,2.0,,3.0,5.0,5.0,2.0,4.0,,,1.0,,2.0,4.0,3.0,5.0,4.0,1.0,,4.0,5.0
Harrier,2.0,5.0,5.0,,3.0,,,,,5.0,5.0,,,2.0,,4.0,5.0,2.0,1.0,4.0,5.0,1.0,4.0,,1.0,5.0,,,4.0,,1.0,1.0,4.0,3.0,4.0,,1.0,,,,4.0,,1.0,,,,4.0,,2.0,,,4.0,,2.0,,2.0,,5.0,4.0,2.0,,,
Havanese,5.0,2.0,,3.0,,,,2.0,3.0,2.0,,,3.0,,3.0,1.0,5.0,,,,,3.0,4.0,4.0,4.0,,1.0,2.0,5.0,2.0,,,4.0,,2.0,,2.0,2.0,,,2.0,,,5.0,,5.0,,,,3.0,1.0,3.0,,2.0,,,2.0,3.0,,,1.0,5.0,
Ibizan Hound,,1.0,2.0,1.0,,2.0,1.0,,,,,5.0,,,,,,2.0,,5.0,1.0,4.0,2.0,,,,5.0,5.0,,,,5.0,,,,3.0,3.0,5.0,4.0,2.0,,,5.0,5.0,2.0,4.0,5.0,,1.0,3.0,4.0,,3.0,4.0,3.0,,4.0,,,4.0,1.0,2.0,1.0
Irish Setter,4.0,,,,5.0,1.0,3.0,,,,,1.0,2.0,2.0,5.0,,,2.0,,4.0,1.0,3.0,2.0,2.0,,4.0,3.0,,,,,2.0,2.0,5.0,3.0,4.0,5.0,,3.0,,1.0,3.0,,3.0,2.0,,,,,,,,,5.0,5.0,3.0,1.0,,5.0,5.0,,5.0,2.0
Irish Terrier,2.0,,,,3.0,1.0,,,,1.0,4.0,2.0,,,,,4.0,2.0,2.0,1.0,,1.0,,,1.0,2.0,,,1.0,3.0,,,,5.0,3.0,,4.0,,,,,2.0,,,2.0,2.0,1.0,1.0,1.0,4.0,3.0,,4.0,3.0,2.0,2.0,,,,,2.0,2.0,4.0
Irish Water Spaniel,1.0,4.0,2.0,1.0,3.0,,1.0,,,,2.0,,3.0,4.0,5.0,,,,4.0,,,2.0,,4.0,,4.0,,5.0,,,4.0,4.0,2.0,,4.0,3.0,,,,,,,1.0,,3.0,1.0,1.0,2.0,2.0,,,,,,3.0,1.0,,,,1.0,4.0,1.0,4.0
Irish Wolfhound,1.0,2.0,,5.0,5.0,5.0,1.0,,,1.0,,,,1.0,5.0,,,,,,2.0,,,5.0,,4.0,1.0,3.0,,1.0,1.0,,,3.0,3.0,,,,,3.0,,,2.0,2.0,1.0,,5.0,1.0,,,1.0,4.0,1.0,,5.0,,4.0,4.0,,,,,
Italian Greyhound,,3.0,,3.0,1.0,,,,5.0,2.0,2.0,3.0,,4.0,,3.0,3.0,,4.0,5.0,,,,3.0,4.0,4.0,4.0,4.0,4.0,,,,5.0,,1.0,2.0,1.0,4.0,1.0,5.0,,5.0,5.0,5.0,3.0,4.0,5.0,,5.0,,,1.0,4.0,,1.0,3.0,,5.0,,5.0,,5.0,
Japanese Chin,5.0,,,1.0,1.0,,,4.0,,4.0,3.0,,,4.0,2.0,,,,5.0,3.0,,4.0,,4.0,4.0,4.0,,,5.0,1.0,4.0,4.0,,,3.0,,3.0,4.0,,2.0,3.0,,1.0,,,1.0,4.0,,,1.0,,5.0,,5.0,,,1.0,3.0,,,,1.0,2.0
Keeshond,3.0,,,1.0,,,,1.0,2.0,,3.0,,5.0,1.0,5.0,4.0,,1.0,,,,,,,4.0,,3.0,5.0,,,2.0,5.0,3.0,,,5.0,,3.0,4.0,,,,3.0,,5.0,,1.0,1.0,,5.0,,1.0,2.0,5.0,,2.0,,,,4.0,1.0,,4.0
Kerry Blue Terrier,,3.0,2.0,5.0,,,,5.0,,,,3.0,,3.0,,5.0,5.0,,,1.0,5.0,4.0,3.0,3.0,,,,,,,,,,,,,,4.0,,,2.0,5.0,,2.0,4.0,,5.0,1.0,,,,,2.0,,1.0,,4.0,5.0,,2.0,,4.0,4.0
Komondor,4.0,,5.0,,,5.0,,,,,,,3.0,,,3.0,1.0,,,3.0,2.0,,2.0,,1.0,,5.0,2.0,2.0,2.0,,,,2.0,3.0,2.0,3.0,,5.0,,1.0,,,,3.0,2.0,,,5.0,,,,,,,2.0,,5.0,1.0,1.0,2.0,,
Kuvasz,,,3.0,,,,,,2.0,,,3.0,,,5.0,,,,3.0,3.0,,,2.0,3.0,1.0,,3.0,2.0,4.0,,,1.0,2.0,,5.0,3.0,,,1.0,4.0,3.0,,2.0,,4.0,2.0,5.0,,3.0,4.0,4.0,1.0,2.0,,,,,3.0,,3.0,,1.0,
Labrador Retriever,4.0,2.0,,1.0,,,,,,,2.0,,,1.0,4.0,,,4.0,,,,4.0,,2.0,,,,1.0,,,1.0,4.0,,1.0,,,,,2.0,,,,2.0,,5.0,,,2.0,,4.0,3.0,2.0,3.0,5.0,,2.0,,,,,1.0,,
Lakeland Terrier,,3.0,,,,,5.0,1.0,5.0,,,,,2.0,,,3.0,,,,4.0,4.0,4.0,,,4.0,,5.0,2.0,5.0,5.0,5.0,2.0,,,,,,1.0,1.0,4.0,1.0,5.0,1.0,,,4.0,2.0,3.0,,4.0,3.0,4.0,,,,5.0,4.0,3.0,,4.0,4.0,1.0
Lhasa Apso,2.0,2.0,,,2.0,5.0,,3.0,5.0,2.0,2.0,,2.0,1.0,5.0,4.0,,,,,,3.0,,2.0,,2.0,4.0,,,2.0,,,4.0,,2.0,5.0,,,,4.0,2.0,,,,,1.0,1.0,3.0,2.0,,1.0,,2.0,1.0,1.0,1.0,2.0,,2.0,,,,
Lowchen,5.0,2.0,,3.0,,,,,2.0,1.0,,5.0,,2.0,5.0,,4.0,3.0,4.0,5.0,,5.0,,3.0,,,,5.0,,,,5.0,1.0,3.0,,,3.0,5.0,,5.0,,4.0,,5.0,2.0,,,2.0,3.0,,,4.0,,4.0,3.0,,,,2.0,4.0,,2.0,
Maltese,5.0,,3.0,3.0,,,,1.0,,,5.0,5.0,4.0,5.0,1.0,,,2.0,2.0,4.0,,,,,,,,,4.0,,,4.0,,5.0,4.0,,1.0,1.0,,,,4.0,5.0,3.0,,,,4.0,,1.0,2.0,,1.0,4.0,5.0,,5.0,5.0,1.0,,2.0,,
Manchester Terrier (Standard),,,4.0,4.0,3.0,1.0,3.0,,3.0,3.0,1.0,3.0,5.0,4.0,3.0,3.0,5.0,5.0,4.0,5.0,3.0,2.0,,4.0,4.0,,,1.0,,5.0,2.0,,2.0,5.0,2.0,4.0,,,3.0,2.0,2.0,5.0,1.0,,,,5.0,3.0,1.0,1.0,,,,,,,5.0,5.0,4.0,1.0,,3.0,5.0
Manchester Terrier (Toy),2.0,3.0,,3.0,,5.0,,,2.0,4.0,3.0,3.0,,1.0,,,,,,3.0,,,,,4.0,4.0,,4.0,,5.0,1.0,3.0,,4.0,,5.0,,,3.0,1.0,1.0,,4.0,,4.0,,3.0,,5.0,3.0,,4.0,5.0,5.0,,1.0,3.0,2.0,5.0,4.0,,1.0,5.0
Mastiff,,,,1.0,5.0,1.0,1.0,3.0,2.0,,,,2.0,2.0,5.0,3.0,5.0,,,,2.0,4.0,1.0,,1.0,1.0,5.0,5.0,,,,,,,,4.0,3.0,2.0,,,,3.0,1.0,4.0,,,,4.0,3.0,3.0,4.0,,,3.0,,,4.0,,,,1.0,,
Miniature Bull Terrier,1.0,2.0,,,,5.0,,2.0,,1.0,3.0,,3.0,1.0,5.0,,,,,3.0,3.0,,4.0,,1.0,,3.0,,,5.0,1.0,,4.0,5.0,1.0,,,,1.0,1.0,,3.0,1.0,2.0,3.0,,1.0,,,4.0,1.0,1.0,1.0,3.0,,,,2.0,,,,4.0,
Miniature Pinscher,,,3.0,,,1.0,1.0,,,1.0,,4.0,4.0,2.0,,2.0,,5.0,4.0,,,1.0,4.0,3.0,2.0,5.0,4.0,5.0,2.0,1.0,,,,3.0,,4.0,4.0,5.0,,,,2.0,,5.0,,1.0,4.0,5.0,2.0,,,3.0,5.0,,4.0,3.0,,,5.0,3.0,,5.0,1.0
Miniature Schnauzer,1.0,,2.0,3.0,2.0,2.0,,1.0,,1.0,3.0,4.0,,5.0,,4.0,,5.0,,,5.0,,5.0,4.0,5.0,,,,5.0,1.0,,5.0,3.0,1.0,,2.0,5.0,,,3.0,,,,4.0,,,,5.0,1.0,,,,2.0,3.0,,,,,,4.0,2.0,1.0,1.0
Neapolitan Mastiff,,,,,3.0,,3.0,2.0,,5.0,5.0,3.0,4.0,3.0,2.0,,,1.0,3.0,2.0,4.0,3.0,2.0,,1.0,2.0,,2.0,,2.0,,4.0,,,2.0,,,,1.0,2.0,1.0,4.0,,,1.0,,,1.0,2.0,5.0,4.0,,2.0,,,,2.0,,,5.0,5.0,1.0,
Newfoundland,,1.0,3.0,3.0,,,4.0,1.0,,,,,4.0,,2.0,,4.0,2.0,,,5.0,,3.0,,5.0,2.0,,,5.0,,1.0,4.0,,,,4.0,3.0,4.0,,4.0,3.0,,,2.0,4.0,,,,4.0,1.0,4.0,,,3.0,1.0,,2.0,,3.0,3.0,1.0,,4.0
Norfolk Terrier,5.0,,,1.0,,,1.0,,,,5.0,1.0,3.0,1.0,3.0,,3.0,5.0,,3.0,,,,,5.0,,,2.0,4.0,1.0,,,5.0,,,,,3.0,3.0,,,5.0,2.0,,,,,2.0,2.0,,,,5.0,1.0,,,2.0,,,1.0,3.0,,
Norwegian Elkhound,,,1.0,,4.0,,,,5.0,3.0,1.0,2.0,2.0,,,3.0,5.0,5.0,3.0,,2.0,,3.0,,5.0,2.0,,,,5.0,,,2.0,,,2.0,,5.0,,5.0,2.0,,,5.0,,,,4.0,,,,4.0,,3.0,5.0,,,,,4.0,,5.0,2.0
Norwich Terrier,,,5.0,1.0,4.0,,5.0,1.0,3.0,,,,,,3.0,,5.0,4.0,,4.0,,,4.0,,5.0,,1.0,,,2.0,5.0,,4.0,,2.0,1.0,,,3.0,,2.0,1.0,3.0,,3.0,4.0,5.0,,,3.0,5.0,,3.0,,,,,4.0,,2.0,1.0,3.0,2.0
Nova Scotia Duck Tolling Retriever,1.0,1.0,2.0,1.0,,1.0,,1.0,,3.0,,,4.0,,2.0,,,2.0,,,1.0,,4.0,,,,,,,,,,5.0,,,1.0,,4.0,3.0,4.0,2.0,,2.0,5.0,5.0,3.0,,4.0,1.0,2.0,,,1.0,,2.0,,1.0,4.0,,5.0,,,5.0
Old English Sheepdog,4.0,4.0,,2.0,,4.0,5.0,1.0,,4.0,4.0,,,4.0,,4.0,1.0,1.0,,,2.0,,4.0,,1.0,5.0,1.0,5.0,,1.0,1.0,5.0,,4.0,,1.0,,5.0,1.0,,3.0,,,,,3.0,5.0,,2.0,4.0,,3.0,2.0,3.0,5.0,3.0,4.0,,1.0,,,,
Otterhound,2.0,,,,1.0,,,,2.0,1.0,5.0,3.0,2.0,5.0,,,4.0,5.0,,1.0,,4.0,4.0,5.0,,,,,4.0,3.0,,2.0,4.0,,,,,4.0,4.0,2.0,2.0,4.0,,,3.0,,5.0,,3.0,2.0,,4.0,1.0,1.0,3.0,5.0,2.0,,,5.0,,,4.0
Papillon,5.0,2.0,2.0,1.0,5.0,2.0,,2.0,3.0,5.0,,5.0,,1.0,3.0,1.0,4.0,,4.0,2.0,,,5.0,5.0,1.0,,,2.0,,,,4.0,3.0,,2.0,,,5.0,,2.0,4.0,,,,4.0,5.0,1.0,1.0,,5.0,1.0,,4.0,4.0,2.0,,,3.0,3.0,4.0,,2.0,
Parson Russell Terrier,2.0,,,4.0,5.0,3.0,,1.0,,2.0,,,,,5.0,2.0,3.0,5.0,,,,2.0,,,,,2.0,,4.0,2.0,,,,4.0,,5.0,,,,4.0,,,,,3.0,,,2.0,1.0,1.0,,4.0,2.0,1.0,4.0,1.0,4.0,5.0,1.0,,5.0,,3.0
Pekingese,,4.0,5.0,3.0,,1.0,3.0,,,,,1.0,,,,,,5.0,3.0,4.0,,4.0,2.0,1.0,1.0,,,,,,,,4.0,,,,,4.0,,,1.0,,2.0,5.0,,5.0,2.0,,4.0,1.0,,1.0,2.0,5.0,4.0,,,,4.0,,4.0,4.0,
Pembroke Welsh Corgi,5.0,,,5.0,1.0,4.0,,5.0,4.0,,3.0,,,3.0,,4.0,1.0,2.0,5.0,,,4.0,5.0,4.0,1.0,,,,,,,,,,,4.0,2.0,5.0,,,,,1.0,2.0,2.0,,1.0,4.0,,,,,,3.0,,4.0,,,,2.0,4.0,,
Petit Basset Griffon Vendeen,5.0,5.0,,4.0,2.0,5.0,,,2.0,,5.0,,,1.0,2.0,4.0,4.0,,,1.0,,1.0,2.0,,,,4.0,2.0,,2.0,,1.0,,5.0,5.0,5.0,1.0,4.0,,4.0,,4.0,,,,3.0,2.0,3.0,,,,,,,,,1.0,,1.0,,5.0,1.0,2.0
Pharaoh Hound,2.0,5.0,,2.0,,,4.0,,4.0,3.0,,,,5.0,,,,,4.0,,2.0,,4.0,,,4.0,5.0,2.0,,1.0,2.0,5.0,,4.0,,,,3.0,,,3.0,,,5.0,,,,,,2.0,,1.0,3.0,,,,,,,1.0,,,
Plott,,,1.0,3.0,,,,,2.0,1.0,,,,,5.0,4.0,3.0,2.0,,,5.0,4.0,4.0,,1.0,4.0,5.0,,,,,1.0,5.0,,2.0,2.0,,,,4.0,5.0,5.0,3.0,,,,,,,,,3.0,2.0,,1.0,2.0,2.0,,,,2.0,,2.0
Pointer,,,,,,,,1.0,,5.0,5.0,,4.0,2.0,,3.0,,3.0,1.0,1.0,2.0,4.0,4.0,,,1.0,,2.0,,5.0,,5.0,,3.0,5.0,,2.0,,,4.0,,5.0,3.0,4.0,,5.0,1.0,5.0,1.0,,4.0,,5.0,,,2.0,1.0,1.0,3.0,,,4.0,2.0
Polish Lowland Sheepdog,,1.0,1.0,2.0,4.0,,,3.0,5.0,1.0,3.0,,3.0,4.0,,3.0,3.0,4.0,,1.0,,,,4.0,,,5.0,,4.0,1.0,2.0,5.0,4.0,,,,,,,,,,3.0,,,,,,,3.0,,,,5.0,1.0,,,1.0,4.0,,3.0,2.0,3.0
Pomeranian,,2.0,,,2.0,,,,,3.0,,,,1.0,2.0,2.0,1.0,,3.0,,,,,2.0,4.0,,,,,4.0,,2.0,,,,,3.0,,4.0,5.0,,,,,4.0,,,2.0,2.0,,,,,,1.0,,,2.0,,,,5.0,
Poodle (Miniature),4.0,,1.0,3.0,,1.0,,,3.0,4.0,,,2.0,2.0,2.0,,4.0,,5.0,,,3.0,2.0,,4.0,5.0,,,5.0,,3.0,,,,2.0,,3.0,5.0,,3.0,5.0,5.0,1.0,,,,5.0,,3.0,,3.0,4.0,3.0,,,3.0,,,,,,2.0,5.0
Poodle (Standard),2.0,,4.0,,1.0,2.0,1.0,4.0,,,2.0,5.0,,1.0,,,,,3.0,,,,5.0,,2.0,,3.0,,,5.0,,,,4.0,1.0,,,5.0,,1.0,5.0,3.0,,2.0,,3.0,,3.0,2.0,5.0,,2.0,1.0,,4.0,3.0,4.0,,,,3.0,1.0,
Poodle (Toy),2.0,,1.0,3.0,,1.0,,5.0,,,2.0,,,,,3.0,4.0,3.0,,,,5.0,3.0,,5.0,1.0,4.0,,4.0,2.0,2.0,4.0,,,4.0,,,3.0,,3.0,,3.0,,,,,3.0,5.0,3.0,3.0,2.0,4.0,4.0,5.0,,,,1.0,1.0,2.0,2.0,2.0,
Portuguese Water Dog,,,5.0,,1.0,1.0,4.0,,2.0,3.0,,5.0,4.0,2.0,4.0,2.0,1.0,2.0,3.0,,5.0,,,,1.0,2.0,5.0,1.0,,1.0,5.0,,2.0,4.0,,1.0,3.0,3.0,,2.0,,3.0,1.0,,2.0,,5.0,,,4.0,,,,,2.0,,,4.0,3.0,,2.0,,
Pug,,,1.0,2.0,,5.0,,,,,4.0,,2.0,,,,,4.0,1.0,3.0,2.0,,5.0,,4.0,4.0,1.0,,4.0,1.0,,,5.0,,,5.0,,,,4.0,,3.0,1.0,5.0,5.0,1.0,,4.0,1.0,,3.0,5.0,,,,,5.0,,1.0,,,1.0,4.0
Puli,,2.0,4.0,1.0,2.0,,,1.0,,,,,2.0,,,,3.0,,,,,,4.0,,1.0,1.0,4.0,2.0,1.0,5.0,,,4.0,4.0,,4.0,2.0,,4.0,,,,,,,,5.0,2.0,,,4.0,4.0,4.0,3.0,5.0,4.0,,,,4.0,4.0,3.0,
Redbone Coonhound,1.0,,5.0,,,,,3.0,,,3.0,,1.0,,2.0,,,,,2.0,,,,,1.0,4.0,1.0,,1.0,2.0,5.0,5.0,3.0,1.0,3.0,,5.0,3.0,,4.0,,5.0,2.0,5.0,1.0,2.0,5.0,1.0,4.0,5.0,1.0,3.0,2.0,5.0,,2.0,,,5.0,5.0,5.0,,3.0
Rhodesian Ridgeback,,,2.0,,4.0,,,5.0,,,4.0,,,1.0,,,,2.0,,5.0,2.0,4.0,2.0,,4.0,,5.0,,,,5.0,,2.0,4.0,,4.0,2.0,1.0,2.0,3.0,,,,1.0,2.0,,1.0,1.0,,,2.0,,,3.0,5.0,,,5.0,,4.0,,4.0,
Rottweiler,4.0,,,,2.0,,1.0,,,,3.0,,,,2.0,3.0,,3.0,4.0,,1.0,,1.0,4.0,1.0,,5.0,2.0,,,,1.0,4.0,4.0,,3.0,2.0,,,3.0,1.0,5.0,,,,,,1.0,2.0,3.0,,1.0,,5.0,1.0,,,,1.0,1.0,,,2.0
Saint Bernard,4.0,5.0,,,2.0,5.0,,,,,2.0,,4.0,3.0,1.0,4.0,,,1.0,5.0,5.0,,4.0,,1.0,1.0,,4.0,4.0,,1.0,3.0,5.0,,4.0,,,3.0,4.0,,1.0,1.0,1.0,4.0,,,,,,,,,2.0,,4.0,,,,,,2.0,2.0,1.0
Saluki (or Gazelle Hound),,2.0,,1.0,,,,1.0,,5.0,,3.0,,,5.0,2.0,,4.0,,,,,,2.0,,,,3.0,,4.0,,3.0,,3.0,2.0,2.0,3.0,,,,4.0,1.0,,,,2.0,,,2.0,,1.0,4.0,1.0,,5.0,,,,1.0,,3.0,4.0,2.0
Samoyed,,2.0,,5.0,,4.0,3.0,4.0,,1.0,,5.0,3.0,,,4.0,3.0,,4.0,3.0,,1.0,,3.0,2.0,2.0,5.0,,,1.0,,2.0,4.0,,4.0,,,3.0,,,5.0,,,,,,1.0,2.0,1.0,5.0,3.0,4.0,3.0,4.0,3.0,4.0,3.0,,3.0,,2.0,,4.0
Schipperke,,,,1.0,2.0,,1.0,,,,,,3.0,,,2.0,5.0,,4.0,,2.0,5.0,1.0,4.0,,,,4.0,,,1.0,1.0,5.0,5.0,4.0,5.0,1.0,,5.0,1.0,,4.0,5.0,4.0,,,5.0,5.0,4.0,,,1.0,3.0,,,3.0,,2.0,4.0,,1.0,,
Scottish Deerhound,4.0,2.0,,3.0,3.0,,,,2.0,1.0,,,,,,,3.0,,,1.0,,,2.0,,5.0,,4.0,1.0,,4.0,,,4.0,5.0,,5.0,4.0,,,2.0,,4.0,,,,1.0,1.0,3.0,3.0,4.0,,,5.0,,5.0,,2.0,1.0,,5.0,1.0,2.0,
Scottish Terrier,,4.0,,5.0,5.0,,,,4.0,,,3.0,,,,2.0,1.0,,3.0,2.0,,3.0,4.0,4.0,,4.0,,5.0,5.0,,2.0,,4.0,,,,5.0,2.0,,,,3.0,,,4.0,,1.0,4.0,,5.0,,5.0,,,3.0,2.0,1.0,2.0,4.0,,1.0,,5.0
Sealyham Terrier,,,2.0,4.0,3.0,,3.0,2.0,2.0,,,,4.0,,3.0,,,5.0,,1.0,5.0,4.0,4.0,,,,,5.0,,,,,4.0,5.0,4.0,,1.0,,,,,,3.0,2.0,3.0,,1.0,,,,3.0,,,,,3.0,,,3.0,,4.0,1.0,
Shetland Sheepdog,,2.0,,,2.0,,1.0,1.0,2.0,2.0,5.0,,,3.0,2.0,4.0,,,5.0,,,,,4.0,,5.0,1.0,5.0,,5.0,,4.0,2.0,,2.0,,3.0,,,4.0,,,1.0,5.0,,,,,,,3.0,5.0,3.0,,3.0,,2.0,4.0,1.0,,1.0,5.0,2.0
Shiba Inu,1.0,4.0,4.0,1.0,,3.0,,,,2.0,,3.0,,,,,,,,4.0,5.0,1.0,,,3.0,5.0,3.0,3.0,,,,1.0,4.0,1.0,5.0,4.0,,,3.0,3.0,,,,4.0,5.0,,1.0,,1.0,4.0,,,2.0,,2.0,,1.0,5.0,,,2.0,,2.0
Shih Tzu,,5.0,,1.0,3.0,,,,1.0,,5.0,1.0,4.0,4.0,5.0,,,2.0,,1.0,,5.0,3.0,,5.0,,4.0,,,2.0,,5.0,4.0,,2.0,,2.0,4.0,2.0,,5.0,,1.0,,4.0,4.0,3.0,,2.0,,,3.0,1.0,3.0,5.0,1.0,,,,,3.0,4.0,
Siberian Husky,4.0,,1.0,1.0,,4.0,,,2.0,,3.0,,,5.0,,3.0,5.0,,,4.0,1.0,,1.0,4.0,4.0,4.0,,,,,5.0,1.0,,,,,5.0,,1.0,,2.0,5.0,1.0,,,,,2.0,,3.0,3.0,4.0,2.0,,,,5.0,1.0,5.0,2.0,2.0,,5.0
Silky Terrier,5.0,,4.0,3.0,5.0,,,5.0,,,3.0,1.0,,,,,,,4.0,4.0,,,,,,3.0,,4.0,,5.0,,,,,,,1.0,3.0,1.0,,2.0,,,1.0,,,,5.0,3.0,,,1.0,,,,,,4.0,3.0,,4.0,,4.0
Skye Terrier,3.0,5.0,3.0,,5.0,,,1.0,,5.0,5.0,,,,,1.0,,,3.0,1.0,1.0,1.0,,4.0,,,2.0,,,,2.0,5.0,1.0,,,,,,1.0,4.0,1.0,,2.0,,,1.0,,,5.0,4.0,,,4.0,,,,4.0,3.0,,,,,
Smooth Fox Terrier,,2.0,,,,2.0,4.0,1.0,,,3.0,,4.0,1.0,3.0,,,4.0,5.0,,1.0,2.0,,3.0,,2.0,,,,2.0,,2.0,4.0,4.0,3.0,2.0,,4.0,,,4.0,1.0,,2.0,1.0,5.0,,,,5.0,,4.0,,4.0,,,4.0,,5.0,4.0,,3.0,2.0
Soft Coated Wheaten Terrier,,5.0,1.0,,5.0,4.0,,1.0,,1.0,,1.0,,4.0,,,3.0,3.0,,,,,2.0,,1.0,4.0,4.0,3.0,,1.0,1.0,3.0,,5.0,4.0,,,,3.0,,4.0,,,,,,3.0,2.0,4.0,1.0,,3.0,,5.0,5.0,3.0,3.0,5.0,5.0,5.0,,,3.0
Spinone Italiano,4.0,5.0,,,4.0,,,,,2.0,3.0,,,,3.0,1.0,,1.0,,,5.0,,,1.0,,,,,,1.0,5.0,5.0,,,,2.0,3.0,3.0,,5.0,,1.0,,,,2.0,1.0,2.0,3.0,,,1.0,,2.0,,,,,,5.0,,5.0,
Staffordshire Bull Terrier,,,,,1.0,3.0,1.0,1.0,5.0,5.0,,1.0,3.0,,,4.0,,,5.0,5.0,3.0,,4.0,,,,4.0,5.0,4.0,,2.0,,5.0,5.0,,1.0,,5.0,,,2.0,,,5.0,,1.0,,5.0,,,,1.0,,,1.0,5.0,,,1.0,5.0,1.0,,1.0
Standard Schnauzer,,,2.0,1.0,5.0,,,,2.0,,5.0,3.0,,,1.0,,,,,5.0,,,3.0,5.0,1.0,,5.0,,4.0,1.0,,2.0,4.0,,,5.0,,,3.0,,2.0,4.0,,2.0,,,,,2.0,1.0,1.0,4.0,3.0,,,,,,,2.0,2.0,3.0,
Sussex Spaniel,2.0,3.0,,2.0,1.0,,1.0,4.0,5.0,,,5.0,1.0,4.0,,1.0,,,4.0,,5.0,4.0,,,,,,,,2.0,1.0,3.0,,4.0,2.0,,4.0,5.0,4.0,,,3.0,1.0,2.0,,5.0,5.0,5.0,3.0,,,,1.0,3.0,1.0,4.0,,5.0,3.0,,,,1.0
Tibetan Mastiff,5.0,,,,,3.0,,2.0,,5.0,,,,4.0,3.0,2.0,,,2.0,5.0,1.0,,,3.0,5.0,,1.0,,,1.0,,,2.0,,2.0,,4.0,,,4.0,4.0,1.0,,3.0,4.0,,5.0,1.0,,4.0,,,1.0,,,4.0,,5.0,,5.0,3.0,1.0,
Tibetan Spaniel,,4.0,,1.0,2.0,1.0,,,3.0,5.0,3.0,,3.0,1.0,3.0,,1.0,3.0,,,3.0,,,,4.0,,5.0,5.0,1.0,4.0,1.0,4.0,5.0,3.0,3.0,,,,,,2.0,5.0,3.0,,,,,1.0,,,3.0,,2.0,,,,2.0,,5.0,,,,
Tibetan Terrier,,5.0,5.0,3.0,4.0,,,1.0,2.0,,,5.0,4.0,,3.0,,5.0,1.0,,,,5.0,,2.0,,,5.0,,4.0,2.0,,,,,,,,2.0,,3.0,,1.0,,2.0,1.0,,,,,,,,,,2.0,,2.0,,1.0,5.0,,,
Toy Fox Terrier,3.0,,4.0,3.0,2.0,,1.0,,2.0,,2.0,,3.0,1.0,3.0,,,2.0,,4.0,,3.0,5.0,4.0,1.0,,5.0,,4.0,,,,,,,5.0,,,1.0,5.0,,5.0,,2.0,,,,,,4.0,1.0,,5.0,5.0,,,,1.0,,5.0,4.0,,
Vizsla,2.0,1.0,3.0,1.0,3.0,5.0,5.0,,,,,5.0,,,,,5.0,,5.0,,2.0,,,5.0,,,,,5.0,3.0,2.0,,4.0,5.0,2.0,,,,5.0,,5.0,,4.0,4.0,,2.0,,5.0,2.0,3.0,4.0,2.0,1.0,1.0,,,,,,3.0,1.0,,
Weimaraner,3.0,,4.0,,,4.0,2.0,,,1.0,3.0,4.0,,3.0,5.0,,5.0,,4.0,,1.0,,4.0,,,,,,,,5.0,5.0,,5.0,2.0,,4.0,,3.0,,,,3.0,,2.0,,1.0,5.0,2.0,,,1.0,2.0,,5.0,,2.0,,,,,5.0,1.0
Welsh Springer Spaniel,5.0,2.0,3.0,,,,5.0,,2.0,1.0,4.0,3.0,3.0,,4.0,,,5.0,2.0,2.0,,4.0,,,4.0,1.0,1.0,5.0,4.0,,1.0,4.0,2.0,,5.0,,4.0,,,,2.0,,,,1.0,1.0,4.0,,1.0,1.0,2.0,,,4.0,,1.0,,4.0,,1.0,,2.0,
Welsh Terrier,5.0,4.0,4.0,,,1.0,5.0,1.0,2.0,,2.0,,,,,4.0,2.0,,,4.0,2.0,,4.0,5.0,2.0,4.0,2.0,,,2.0,4.0,3.0,2.0,4.0,,,2.0,1.0,3.0,3.0,,1.0,,,,3.0,,2.0,,5.0,,4.0,,3.0,5.0,,1.0,1.0,4.0,5.0,1.0,3.0,2.0
West Highland White Terrier,4.0,5.0,,3.0,1.0,,,1.0,2.0,3.0,,,,4.0,,,2.0,4.0,,,4.0,1.0,3.0,3.0,,,,,4.0,,4.0,,,3.0,,2.0,,4.0,,,5.0,4.0,,,4.0,4.0,4.0,4.0,,,,,,4.0,,1.0,,,,,2.0,1.0,3.0
Whippet,,2.0,,,5.0,,,1.0,2.0,5.0,3.0,,3.0,,,2.0,4.0,2.0,1.0,3.0,2.0,,,5.0,,5.0,,4.0,5.0,,3.0,,,1.0,4.0,,,,,2.0,4.0,,1.0,2.0,5.0,,5.0,,,,2.0,,3.0,,,3.0,,2.0,4.0,2.0,,4.0,4.0
Wire Fox Terrier,,2.0,4.0,,,,,1.0,3.0,,5.0,2.0,5.0,,4.0,,,,2.0,2.0,,5.0,,,1.0,,5.0,,,,5.0,2.0,,5.0,,2.0,,,4.0,,,4.0,2.0,,,,,,2.0,3.0,2.0,3.0,4.0,,,,1.0,,3.0,1.0,,,2.0
Wirehaired Pointing Griffon,,,,5.0,2.0,,4.0,5.0,,,,,,,,2.0,3.0,5.0,,5.0,2.0,2.0,1.0,,5.0,,3.0,,,,1.0,1.0,,,2.0,,,,1.0,,3.0,,2.0,,2.0,2.0,,,4.0,,4.0,,,3.0,2.0,,4.0,,4.0,3.0,1.0,,
Yorkshire Terrier,4.0,,,,2.0,4.0,4.0,,2.0,5.0,,3.0,3.0,1.0,3.0,,,,,,3.0,,,5.0,,,1.0,,,,5.0,,4.0,2.0,,5.0,3.0,2.0,,4.0,,3.0,5.0,,2.0,5.0,,3.0,,,2.0,1.0,1.0,4.0,,4.0,,,2.0,,1.0,2.0,
